postURL,isVideo,date_posted,timestamp,likeCount,commentCount,image_url,captions,videoURL
https://www.instagram.com/p/CAHlD5Mgs2g,True,13/05/2020 12:16:32,1589352392,1316136,37427,https://instagram.ftgu2-2.fna.fbcdn.net/v/t51.2885-15/e35/97140530_1318746348514044_5663643977624758698_n.jpg?_nc_ht=instagram.ftgu2-2.fna.fbcdn.net&_nc_cat=100&_nc_ohc=A7xvqaq6SIsAX80bLDp&tp=1&oh=c6b035cba78e9719198d9aa09c8fbba9&oe=5FD15E05,‡§è‡§ï ‡§µ‡§ø‡§∂‡•á‡§∑ ‡§Ü‡§∞‡•ç‡§•‡§ø‡§ï ‡§™‡•à‡§ï‡•á‡§ú ‡§ú‡•ã ‚Äò‡§Ü‡§§‡•ç‡§Æ‡§®‡§ø‡§∞‡•ç‡§≠‡§∞ ‡§≠‡§æ‡§∞‡§§ ‡§Ö‡§≠‡§ø‡§Ø‡§æ‡§®‚Äô ‡§ï‡•Ä ‡§Ö‡§π‡§Æ ‡§ï‡§°‡§º‡•Ä ‡§ï‡•á ‡§§‡•å‡§∞ ‡§™‡§∞ ‡§ï‡§æ‡§Æ ‡§ï‡§∞‡•á‡§ó‡§æ‡•§,https://instagram.fsub9-1.fna.fbcdn.net/v/t50.16885-16/10000000_116581166468637_1988332120224951_n.mp4?efg=eyJ2ZW5jb2RlX3RhZyI6InZ0c192b2RfdXJsZ2VuLjEyODAuaWd0di5kZWZhdWx0IiwicWVfZ3JvdXBzIjoiW1wiaWdfd2ViX2RlbGl2ZXJ5X3Z0c19vdGZcIl0ifQ&_nc_ht=instagram.fsub9-1.fna.fbcdn.net&_nc_cat=109&_nc_ohc=ZGb4eLhXU3wAX_-pE72&vs=17857135327927542_945700422&_nc_vs=HBksFQAYJEdJQ1dtQUFkemdPckIyb0FBTGUwdUtWZ0VBY0FidlZCQUFBRhUAAsgBABUAGCRHRFpJdndVeWp3LUs5OTBBQUUySTY0N0ZmWE0wYnZWQkFBQUYVAgLIAQAoABgAGwGIB3VzZV9vaWwBMRUAACbsudafiL64PxUCKAJDMywXQG2zMzMzMzMYEmRhc2hfYmFzZWxpbmVfMV92MREAdewHAA%3D%3D&oe=5FD184B2&oh=dbc5d6db3854f5facb439b80dbb4a683
https://www.instagram.com/p/B_uSA_qlqov,True,03/05/2020 16:39:34,1588504174,1297266,23837,https://instagram.ftgu2-2.fna.fbcdn.net/v/t51.2885-15/e35/95261986_672046356913293_3212693670668326560_n.jpg?_nc_ht=instagram.ftgu2-2.fna.fbcdn.net&_nc_cat=1&_nc_ohc=qYUP8XTqLs0AX9BumwZ&tp=1&oh=92353ac42aa71054ca8ebffb506271f1&oe=5FD15FB6,Great gesture by our armed forces.,https://instagram.flhe9-1.fna.fbcdn.net/v/t50.16885-16/10000000_1550939438394445_3726672878856730321_n.mp4?efg=eyJ2ZW5jb2RlX3RhZyI6InZ0c192b2RfdXJsZ2VuLjEyODAuaWd0di5kZWZhdWx0IiwicWVfZ3JvdXBzIjoiW1wiaWdfd2ViX2RlbGl2ZXJ5X3Z0c19vdGZcIl0ifQ&_nc_ht=instagram.flhe9-1.fna.fbcdn.net&_nc_cat=101&_nc_ohc=fg8VMsu3o60AX_dkb2p&vs=18010969852282522_3047208980&_nc_vs=HBksFQAYJEdJQ1dtQUJOTEVzNmtvSUZBTkYyVmhJOXpiY3pidlZCQUFBRhUAAsgBABUAGCRHS094ckFWOURuY0pnT2dBQUxLa0pqU3hNc0pvYnZWQkFBQUYVAgLIAQAoABgAGwGIB3VzZV9vaWwBMRUAACa0vcq%2Brrj%2BPxUCKAJDMywXQGEe6XjU%2FfQYEmRhc2hfYmFzZWxpbmVfMV92MREAdewHAA%3D%3D&oe=5FD1B084&oh=63cd3579bea7e2985b99324dce781b76
https://www.instagram.com/p/B_pQuNflT4m,True,01/05/2020 17:42:15,1588335135,1892176,28975,https://instagram.ftgu2-2.fna.fbcdn.net/v/t51.2885-15/e35/95316993_2492466567730656_5771954452346054933_n.jpg?_nc_ht=instagram.ftgu2-2.fna.fbcdn.net&_nc_cat=100&_nc_ohc=ubJdtq_Cv2MAX8GZyr-&tp=1&oh=af9855a09f1262d50813b05994ea726b&oe=5FD158A6,"This is the spirit of India. 
We will courageously fight COVID-19.

We will remain eternally proud of those working on the frontline.",https://scontent-arn2-1.cdninstagram.com/v/t50.16885-16/95657288_646213326233932_4521869742740088808_n.mp4?efg=eyJ2ZW5jb2RlX3RhZyI6InZ0c192b2RfdXJsZ2VuLjQ4MC5pZ3R2LmRlZmF1bHQiLCJxZV9ncm91cHMiOiJbXCJpZ193ZWJfZGVsaXZlcnlfdnRzX290ZlwiXSJ9&_nc_ht=scontent-arn2-1.cdninstagram.com&_nc_cat=104&_nc_ohc=VWbW6WfdiHYAX-uhlJf&vs=17855833522925819_1530468618&_nc_vs=HBksFQAYJEdFaWRzd1ZNWWNKRHVrc0NBT2dubkxpUzZNQV9idlZCQUFBRhUAAsgBABUAGCRHSDd4clFWeG9La1MxT2dCQVBjaU1CNlNJYTFFYnZWQkFBQUYVAgLIAQAoABgAGwGIB3VzZV9vaWwBMRUAACb2n%2FrmpfK3PxUCKAJDMywXQFKiHKwIMScYEmRhc2hfYmFzZWxpbmVfMV92MREAdewHAA%3D%3D&_nc_rid=7ef55bca5a&oe=5FD1B985&oh=9736b0fe37c0d17416f26a45110489be
https://www.instagram.com/p/CGE_mYIJVWU,True,08/10/2020 15:17:30,1602150450,772448,9191,https://instagram.ftgu2-2.fna.fbcdn.net/v/t51.2885-15/e35/120850689_412776493047718_7045847427465422970_n.jpg?_nc_ht=instagram.ftgu2-2.fna.fbcdn.net&_nc_cat=1&_nc_ohc=CJ6uLHu8TJMAX8keWbG&tp=1&oh=18bb48fd2b1630803ed309825d3b4763&oe=5FD14477,,https://instagram.fmex31-1.fna.fbcdn.net/v/t50.2886-16/120862896_331367384760212_4351409200489550687_n.mp4?_nc_ht=instagram.fmex31-1.fna.fbcdn.net&_nc_cat=108&_nc_ohc=eD5MInTQPOkAX-z5SOi&oe=5FD1C663&oh=e59b923dcd218a7f8641da3e1be4e87c
https://www.instagram.com/p/CFjySQ4J36V,True,25/09/2020 17:45:43,1601036143,833261,33577,https://instagram.ftgu2-2.fna.fbcdn.net/v/t51.2885-15/e35/120127744_776775893162911_6019448222094651491_n.jpg?_nc_ht=instagram.ftgu2-2.fna.fbcdn.net&_nc_cat=1&_nc_ohc=cte886Cb8a0AX-I_gm2&tp=1&oh=08c21c10b771810d7db1f29cc7f9e389&oe=5FD1C8C9,,https://scontent-dfw5-2.cdninstagram.com/v/t50.16885-16/10000000_996712077436394_8493847370812437339_n.mp4?_nc_ht=scontent-dfw5-2.cdninstagram.com&_nc_cat=102&_nc_ohc=enRVOUhRiDEAX_nX0KL&oe=5FD1CA57&oh=5729bd052323bf414fc161d521a9f16b
https://www.instagram.com/p/CF4ydy6JCDs,True,03/10/2020 21:31:30,1601740890,1294843,19686,https://instagram.fdac10-1.fna.fbcdn.net/v/t51.2885-15/e35/120843262_344184576786825_7738380020870808813_n.jpg?_nc_ht=instagram.fdac10-1.fna.fbcdn.net&_nc_cat=1&_nc_ohc=xSfIs5WL5MkAX8_3FKU&tp=1&oh=14f0709698346edb0034ee24caa0950a&oe=5FD1A00B,,https://instagram.fdac10-1.fna.fbcdn.net/v/t50.2886-16/120605278_193309872153495_7992299537379110208_n.mp4?_nc_ht=instagram.fdac10-1.fna.fbcdn.net&_nc_cat=103&_nc_ohc=euk49AdkBrAAX9HnGE6&oe=5FD183AC&oh=b022f1b5e138bcf2fe6584339721bf9f
https://www.instagram.com/p/CFjySQ4J36V,True,25/09/2020 17:45:43,1601036143,833262,33577,https://instagram.fdac10-1.fna.fbcdn.net/v/t51.2885-15/e35/120127744_776775893162911_6019448222094651491_n.jpg?_nc_ht=instagram.fdac10-1.fna.fbcdn.net&_nc_cat=1&_nc_ohc=cte886Cb8a0AX8xP0YD&tp=1&oh=5b6c18abd573768aba0120026f1ce84c&oe=5FD1C8C9,,https://instagram.fdac10-1.fna.fbcdn.net/v/t50.16885-16/10000000_996712077436394_8493847370812437339_n.mp4?_nc_ht=instagram.fdac10-1.fna.fbcdn.net&_nc_cat=102&_nc_ohc=enRVOUhRiDEAX8kgn-e&oe=5FD1CA57&oh=e950eb018b5089dbcc0f321b0fe61032
https://www.instagram.com/p/CFcSOnAlGbM,False,22/09/2020 19:50:27,1600784427,869716,18758,https://instagram.fdac10-1.fna.fbcdn.net/v/t51.2885-15/sh0.08/e35/c0.68.1202.1202a/s640x640/119994358_451382785808468_1527046116315878837_n.jpg?_nc_ht=instagram.fdac10-1.fna.fbcdn.net&_nc_cat=1&_nc_ohc=-va5UPqun0EAX8M0Zd3&tp=1&oh=1274fce4599ca2d35f17a6c39d2b88d0&oe=5FF7A544,"Are you already a fitness aficionado? 

Do you intend to make fitness a part of your routine?

Bringing to you, an interesting Fit India Dialogue to discuss aspects related to nutrition, physical health, mental well-being and more...

See you on 24th at 12 noon! #NewIndiaFitIndia",
https://www.instagram.com/p/CEjeSpElv1s,False,31/08/2020 18:19:09,1598878149,4259051,74771,https://instagram.fdac10-1.fna.fbcdn.net/v/t51.2885-15/sh0.08/e35/c1.0.1276.1276a/s640x640/118599164_681938735731226_2026810620813994298_n.jpg?_nc_ht=instagram.fdac10-1.fna.fbcdn.net&_nc_cat=1&_nc_ohc=2KW3K5kIF4QAX9F1XWK&tp=1&oh=2b4ca540dfed326d6517e7b966d1955a&oe=5FF7E3F6,"India grieves the passing away of Shri Pranab Mukherjee. He has left an indelible mark on the development trajectory of our nation. A scholar par excellence, a towering statesman, he was admired across the political spectrum and by all sections of society.

I was new to Delhi in 2014. From Day 1, I was blessed to have the guidance, support and blessings of Shri Pranab Mukherjee. I will always cherish my interactions with him. Condolences to his family, friends, admirers and supporters across India. Om Shanti.",
https://www.instagram.com/p/CEVygXkpA8z,True,26/08/2020 10:47:01,1598419021,2257369,30071,https://instagram.fdac10-1.fna.fbcdn.net/v/t51.2885-15/e35/118542260_434231694160133_5615850203351512343_n.jpg?_nc_ht=instagram.fdac10-1.fna.fbcdn.net&_nc_cat=1&_nc_ohc=j5z78ySb8dkAX_tU9uH&tp=1&oh=154b589223bd1537ea3ba90f82544a4e&oe=5FD1CE75,"Modhera‚Äôs iconic Sun Temple looks splendid on a rainy day üåß ...

Have a look.",https://instagram.fdac10-1.fna.fbcdn.net/v/t50.2886-16/118220789_193702738817681_7560031984948481893_n.mp4?efg=eyJ2ZW5jb2RlX3RhZyI6InZ0c192b2RfdXJsZ2VuLjcyMC5mZWVkLmRlZmF1bHQiLCJxZV9ncm91cHMiOiJbXCJpZ193ZWJfZGVsaXZlcnlfdnRzX290ZlwiXSJ9&_nc_ht=instagram.fdac10-1.fna.fbcdn.net&_nc_cat=105&_nc_ohc=Wx-qzDkiSFEAX8VCTXd&vs=17900282254548825_505220649&_nc_vs=HBksFQAYJEdQWG5Dd2VSY3ZEdUs3QUFBR1VQY2hrSm9lcG9ia1lMQUFBRhUAAsgBABUAGCRHQ2FNRHdldmNQMFE4cEVEQUZZZ18xTGI3TUJPYmtZTEFBQUYVAgLIAQAoABgAGwAVAAAmsuen8caNzD8VAigCQzMsF0BLzMzMzMzNGBJkYXNoX2Jhc2VsaW5lXzFfdjERAHXqBwA%3D&oe=5FD19812&oh=8737a3207428538837aee7e1971eccda
https://www.instagram.com/p/CEONMDnpjAo,True,23/08/2020 12:07:37,1598164657,1978048,43085,https://instagram.fdac10-1.fna.fbcdn.net/v/t51.2885-15/e35/117632039_199481924873993_6948992366275499180_n.jpg?_nc_ht=instagram.fdac10-1.fna.fbcdn.net&_nc_cat=105&_nc_ohc=t69rdavvhMcAX-d9yg0&tp=1&oh=8a1016ce6aa0ee59875213c36fcabdee&oe=5FD15DB3,"‡§≠‡•ã‡§∞ ‡§≠‡§Ø‡•ã, ‡§¨‡§ø‡§® ‡§∂‡•ã‡§∞, 
‡§Æ‡§® ‡§Æ‡•ã‡§∞, ‡§≠‡§Ø‡•ã ‡§µ‡§ø‡§≠‡•ã‡§∞, 
‡§∞‡§ó-‡§∞‡§ó ‡§π‡•à ‡§∞‡§Ç‡§ó‡§æ, ‡§®‡•Ä‡§≤‡§æ ‡§≠‡•Ç‡§∞‡§æ ‡§∂‡•ç‡§Ø‡§æ‡§Æ ‡§∏‡•Å‡§π‡§æ‡§®‡§æ, 
‡§Æ‡§®‡§Æ‡•ã‡§π‡§ï, ‡§Æ‡•ã‡§∞ ‡§®‡§ø‡§∞‡§æ‡§≤‡§æ‡•§ 

‡§∞‡§Ç‡§ó ‡§π‡•à, ‡§™‡§∞ ‡§∞‡§æ‡§ó ‡§®‡§π‡•Ä‡§Ç, 
‡§µ‡§ø‡§∞‡§æ‡§ó ‡§ï‡§æ ‡§µ‡§ø‡§∂‡•ç‡§µ‡§æ‡§∏ ‡§Ø‡§π‡•Ä, 
‡§® ‡§ö‡§æ‡§π, ‡§® ‡§µ‡§æ‡§π, ‡§® ‡§Ü‡§π, 
‡§ó‡•Ç‡§Å‡§ú‡•á ‡§ò‡§∞-‡§ò‡§∞ ‡§Ü‡§ú ‡§≠‡•Ä ‡§ó‡§æ‡§®, 
‡§ú‡§ø‡§Ø‡•á ‡§§‡•ã ‡§Æ‡•Å‡§∞‡§≤‡•Ä ‡§ï‡•á ‡§∏‡§æ‡§•
‡§ú‡§æ‡§Ø‡•á ‡§§‡•ã ‡§Æ‡•Å‡§∞‡§≤‡•Ä‡§ß‡§∞ ‡§ï‡•á ‡§§‡§æ‡§ú‡•§

‡§ú‡•Ä‡§µ‡§æ‡§§‡•ç‡§Æ‡§æ ‡§π‡•Ä ‡§∂‡§ø‡§µ‡§æ‡§§‡•ç‡§Æ‡§æ, 
‡§Ö‡§Ç‡§§‡§∞‡•ç‡§Æ‡§® ‡§ï‡•Ä ‡§Ö‡§®‡§Ç‡§§ ‡§ß‡§æ‡§∞‡§æ 
‡§Æ‡§® ‡§Æ‡§Ç‡§¶‡§ø‡§∞ ‡§Æ‡•á‡§Ç ‡§â‡§ú‡§ø‡§Ø‡§æ‡§∞‡§æ ‡§∏‡§æ‡§∞‡§æ, 
‡§¨‡§ø‡§® ‡§µ‡§æ‡§¶-‡§µ‡§ø‡§µ‡§æ‡§¶, ‡§∏‡§Ç‡§µ‡§æ‡§¶
‡§¨‡§ø‡§® ‡§∏‡•Å‡§∞-‡§∏‡•ç‡§µ‡§∞, ‡§∏‡§Ç‡§¶‡•á‡§∂
‡§Æ‡•ã‡§∞ ‡§ö‡§π‡§ï‡§§‡§æ ‡§Æ‡•å‡§® ‡§Æ‡§π‡§ï‡§§‡§æ‡•§",https://instagram.fdac10-1.fna.fbcdn.net/v/t50.16885-16/10000000_339628687216258_5682888132940211608_n.mp4?efg=eyJ2ZW5jb2RlX3RhZyI6InZ0c192b2RfdXJsZ2VuLjEyODAuaWd0di5kZWZhdWx0IiwicWVfZ3JvdXBzIjoiW1wiaWdfd2ViX2RlbGl2ZXJ5X3Z0c19vdGZcIl0ifQ&_nc_ht=instagram.fdac10-1.fna.fbcdn.net&_nc_cat=110&_nc_ohc=14HRbHd3oaEAX90u1aJ&vs=17894200687595927_2376109401&_nc_vs=HBksFQAYJEdJQ1dtQUNDemtIMzR6UUJBSmdsTDg2bHJOMU9idlZCQUFBRhUAAsgBABUAGCRHRGxTQ3dmQVdVSzZuNlVBQUhBamJ1aUZCYUVNYnZWQkFBQUYVAgLIAQAoABgAGwGIB3VzZV9vaWwBMRUAACauor%2B6x6vJPxUCKAJDMywXQFrxBiTdLxsYEmRhc2hfYmFzZWxpbmVfMV92MREAdewHAA%3D%3D&oe=5FD146B3&oh=bf231500ab6e8cb66efa63c47b7ee23f
https://www.instagram.com/p/CD5v8B8lthi,False,15/08/2020 13:25:15,1597478115,5017455,66714,https://instagram.fdac10-1.fna.fbcdn.net/v/t51.2885-15/sh0.08/e35/c0.0.1439.1439a/s640x640/117630478_395074658145374_4454011708597431844_n.jpg?_nc_ht=instagram.fdac10-1.fna.fbcdn.net&_nc_cat=1&_nc_ohc=CXmpsfUZsMoAX-RLaH4&tp=1&oh=1ab1def058d6b2a65d6d1168c50eca8e&oe=5FFAB10C,Happy Independence Day!,
https://www.instagram.com/p/CDlsZm0lA9e,False,07/08/2020 18:29:32,1596805172,3090370,42348,https://instagram.fdac10-1.fna.fbcdn.net/v/t51.2885-15/sh0.08/e35/c237.0.965.965a/s640x640/116868644_689859328235382_8220578381517540560_n.jpg?_nc_ht=instagram.fdac10-1.fna.fbcdn.net&_nc_cat=1&_nc_ohc=IGuOYOKfVGgAX_qrRVb&tp=1&oh=9b2227d7fd8b3ee785bcb40b4d17d6e4&oe=5FFA291A,"‡§≠‡§æ‡§∞‡§§ ‡§ï‡•Ä ‡§Ü‡§∏‡•ç‡§•‡§æ ‡§Æ‡•á‡§Ç ‡§∞‡§æ‡§Æ ‡§π‡•à‡§Ç, ‡§Ü‡§¶‡§∞‡•ç‡§∂‡•ã‡§Ç ‡§Æ‡•á‡§Ç ‡§∞‡§æ‡§Æ ‡§π‡•à‡§Ç‡•§

‡§≠‡§æ‡§∞‡§§ ‡§ï‡•Ä ‡§¶‡§ø‡§µ‡•ç‡§Ø‡§§‡§æ ‡§Æ‡•á‡§Ç ‡§∞‡§æ‡§Æ ‡§π‡•à‡§Ç, ‡§¶‡§∞‡•ç‡§∂‡§® ‡§Æ‡•á‡§Ç ‡§∞‡§æ‡§Æ ‡§π‡•à‡§Ç‡•§

‡§∞‡§æ‡§Æ ‡§≠‡§æ‡§∞‡§§ ‡§ï‡•Ä ‚Äò‡§Ö‡§®‡•á‡§ï‡§§‡§æ ‡§Æ‡•á‡§Ç ‡§è‡§ï‡§§‡§æ‚Äô ‡§ï‡•á ‡§∏‡•Ç‡§§‡•ç‡§∞ ‡§π‡•à‡§Ç‡•§",
https://www.instagram.com/p/CDjMCNEF0yu,False,06/08/2020 19:08:14,1596721094,4291630,46604,https://instagram.fdac10-1.fna.fbcdn.net/v/t51.2885-15/sh0.08/e35/c0.22.1324.1324a/s640x640/117287034_4090617261012712_110165981223423701_n.jpg?_nc_ht=instagram.fdac10-1.fna.fbcdn.net&_nc_cat=1&_nc_ohc=NaezkNbpGrwAX_xtd5D&tp=1&oh=4272c307942578a759d5fc1955c84a08&oe=5FF8B56C,Prayed at the sacred Hanumangarhi in Ayodhya and sought Lord Hanuman's blessings.,
https://www.instagram.com/p/CDgmi-Fls1g,False,05/08/2020 19:02:10,1596634330,6268539,138608,https://instagram.fdac10-1.fna.fbcdn.net/v/t51.2885-15/sh0.08/e35/c0.140.1120.1120a/s640x640/116793144_654599655413848_8459964598937908055_n.jpg?_nc_ht=instagram.fdac10-1.fna.fbcdn.net&_nc_cat=1&_nc_ohc=Vm1E5910fQUAX-_NBxN&tp=1&oh=76517d6a9d531a7256554bfc6e834689&oe=5FF7333C,"A special moment for all Indians! 

At the Bhoomi Pujan of the Shree Ram Janmabhoomi Mandir in Ayodhya.",
https://www.instagram.com/p/CDOgJLJlcfV,True,29/07/2020 18:20:39,1596027039,3201921,64985,https://instagram.fdac10-1.fna.fbcdn.net/v/t51.2885-15/e35/115918423_762128957932031_2088437494278512310_n.jpg?_nc_ht=instagram.fdac10-1.fna.fbcdn.net&_nc_cat=1&_nc_ohc=dsxVQabxUgAAX9DtrDl&tp=1&oh=1e1df17a813497f6283c1a0c208bcf8b&oe=5FD19FE0,‡§∏‡•ç‡§µ‡§æ‡§ó‡§§‡§Æ‡•ç! #RafaleInIndia,https://instagram.fdac10-1.fna.fbcdn.net/v/t50.2886-16/115834052_629486557973048_7268875596894734379_n.mp4?efg=eyJ2ZW5jb2RlX3RhZyI6InZ0c192b2RfdXJsZ2VuLjQ4MC5mZWVkLmRlZmF1bHQiLCJxZV9ncm91cHMiOiJbXCJpZ193ZWJfZGVsaXZlcnlfdnRzX290ZlwiXSJ9&_nc_ht=instagram.fdac10-1.fna.fbcdn.net&_nc_cat=108&_nc_ohc=4hQQIl99yHIAX-w-lLn&vs=17891536465594733_3889582040&_nc_vs=HBksFQAYJEdNUjg1d1k0eXEzQ2d6d0NBQ3VJYXQzWE9fQmtia1lMQUFBRhUAAsgBABUAGCRHRWlmNmdiSFpROWZteFFCQUtPOUJJQWdOU0lmYmtZTEFBQUYVAgLIAQAoABgAGwAVAAAm2tL9wr2QyD8VAigCQzMsF0A77tkWhysCGBJkYXNoX2Jhc2VsaW5lXzFfdjERAHXqBwA%3D&oe=5FD198A4&oh=f8a50916c2316e460d657165ebccf9b1
https://www.instagram.com/p/CCNz_EeFHpI,False,04/07/2020 15:22:38,1593856358,4346480,72704,https://instagram.fdac10-1.fna.fbcdn.net/v/t51.2885-15/sh0.08/e35/s640x640/106273085_1171798256510142_1449870299581831801_n.jpg?_nc_ht=instagram.fdac10-1.fna.fbcdn.net&_nc_cat=1&_nc_ohc=mTUQx2Vh-awAX-iBYHk&tp=1&oh=745770995d1ec959ed089117a5b4e6db&oe=5FF8AFCF,"Performed Sindhu Puja in Nimu yesterday. 

Prayed for the peace, progress and prosperity of our nation.",
https://www.instagram.com/p/CF4ydy6JCDs,True,03/10/2020 21:31:30,1601740890,1294842,19686,https://instagram.ftgu2-2.fna.fbcdn.net/v/t51.2885-15/e35/120843262_344184576786825_7738380020870808813_n.jpg?_nc_ht=instagram.ftgu2-2.fna.fbcdn.net&_nc_cat=1&_nc_ohc=xSfIs5WL5MkAX_3nwlW&tp=1&oh=6ba3422e086964cea3100943060ca51e&oe=5FD1A00B,,https://instagram.fdel4-1.fna.fbcdn.net/v/t50.2886-16/120605278_193309872153495_7992299537379110208_n.mp4?_nc_ht=instagram.fdel4-1.fna.fbcdn.net&_nc_cat=103&_nc_ohc=euk49AdkBrAAX9QAcbz&oe=5FD183AC&oh=fbcc68709d443d275d32a8480f6fd322
https://www.instagram.com/p/CEONMDnpjAo,True,23/08/2020 12:07:37,1598164657,1978048,43085,https://instagram.ftgu2-2.fna.fbcdn.net/v/t51.2885-15/e35/117632039_199481924873993_6948992366275499180_n.jpg?_nc_ht=instagram.ftgu2-2.fna.fbcdn.net&_nc_cat=1&_nc_ohc=t69rdavvhMcAX-wvSeC&tp=1&oh=218fdc1c85cc293c0506a4a79c00cd02&oe=5FD15DB3,"‡§≠‡•ã‡§∞ ‡§≠‡§Ø‡•ã, ‡§¨‡§ø‡§® ‡§∂‡•ã‡§∞, 
‡§Æ‡§® ‡§Æ‡•ã‡§∞, ‡§≠‡§Ø‡•ã ‡§µ‡§ø‡§≠‡•ã‡§∞, 
‡§∞‡§ó-‡§∞‡§ó ‡§π‡•à ‡§∞‡§Ç‡§ó‡§æ, ‡§®‡•Ä‡§≤‡§æ ‡§≠‡•Ç‡§∞‡§æ ‡§∂‡•ç‡§Ø‡§æ‡§Æ ‡§∏‡•Å‡§π‡§æ‡§®‡§æ, 
‡§Æ‡§®‡§Æ‡•ã‡§π‡§ï, ‡§Æ‡•ã‡§∞ ‡§®‡§ø‡§∞‡§æ‡§≤‡§æ‡•§ 

‡§∞‡§Ç‡§ó ‡§π‡•à, ‡§™‡§∞ ‡§∞‡§æ‡§ó ‡§®‡§π‡•Ä‡§Ç, 
‡§µ‡§ø‡§∞‡§æ‡§ó ‡§ï‡§æ ‡§µ‡§ø‡§∂‡•ç‡§µ‡§æ‡§∏ ‡§Ø‡§π‡•Ä, 
‡§® ‡§ö‡§æ‡§π, ‡§® ‡§µ‡§æ‡§π, ‡§® ‡§Ü‡§π, 
‡§ó‡•Ç‡§Å‡§ú‡•á ‡§ò‡§∞-‡§ò‡§∞ ‡§Ü‡§ú ‡§≠‡•Ä ‡§ó‡§æ‡§®, 
‡§ú‡§ø‡§Ø‡•á ‡§§‡•ã ‡§Æ‡•Å‡§∞‡§≤‡•Ä ‡§ï‡•á ‡§∏‡§æ‡§•
‡§ú‡§æ‡§Ø‡•á ‡§§‡•ã ‡§Æ‡•Å‡§∞‡§≤‡•Ä‡§ß‡§∞ ‡§ï‡•á ‡§§‡§æ‡§ú‡•§

‡§ú‡•Ä‡§µ‡§æ‡§§‡•ç‡§Æ‡§æ ‡§π‡•Ä ‡§∂‡§ø‡§µ‡§æ‡§§‡•ç‡§Æ‡§æ, 
‡§Ö‡§Ç‡§§‡§∞‡•ç‡§Æ‡§® ‡§ï‡•Ä ‡§Ö‡§®‡§Ç‡§§ ‡§ß‡§æ‡§∞‡§æ 
‡§Æ‡§® ‡§Æ‡§Ç‡§¶‡§ø‡§∞ ‡§Æ‡•á‡§Ç ‡§â‡§ú‡§ø‡§Ø‡§æ‡§∞‡§æ ‡§∏‡§æ‡§∞‡§æ, 
‡§¨‡§ø‡§® ‡§µ‡§æ‡§¶-‡§µ‡§ø‡§µ‡§æ‡§¶, ‡§∏‡§Ç‡§µ‡§æ‡§¶
‡§¨‡§ø‡§® ‡§∏‡•Å‡§∞-‡§∏‡•ç‡§µ‡§∞, ‡§∏‡§Ç‡§¶‡•á‡§∂
‡§Æ‡•ã‡§∞ ‡§ö‡§π‡§ï‡§§‡§æ ‡§Æ‡•å‡§® ‡§Æ‡§π‡§ï‡§§‡§æ‡•§",https://instagram.fccj3-1.fna.fbcdn.net/v/t50.16885-16/10000000_339628687216258_5682888132940211608_n.mp4?efg=eyJ2ZW5jb2RlX3RhZyI6InZ0c192b2RfdXJsZ2VuLjEyODAuaWd0di5kZWZhdWx0IiwicWVfZ3JvdXBzIjoiW1wiaWdfd2ViX2RlbGl2ZXJ5X3Z0c19vdGZcIl0ifQ&_nc_ht=instagram.fccj3-1.fna.fbcdn.net&_nc_cat=110&_nc_ohc=14HRbHd3oaEAX-EbTxG&vs=17894200687595927_2376109401&_nc_vs=HBksFQAYJEdJQ1dtQUNDemtIMzR6UUJBSmdsTDg2bHJOMU9idlZCQUFBRhUAAsgBABUAGCRHRGxTQ3dmQVdVSzZuNlVBQUhBamJ1aUZCYUVNYnZWQkFBQUYVAgLIAQAoABgAGwGIB3VzZV9vaWwBMRUAACauor%2B6x6vJPxUCKAJDMywXQFrxBiTdLxsYEmRhc2hfYmFzZWxpbmVfMV92MREAdewHAA%3D%3D&oe=5FD146B3&oh=5658937bac574f5d720efaa0050b87e9
https://www.instagram.com/p/B_Hd8-Nl4PP,True,18/04/2020 14:41:44,1587201104,1105395,17502,https://instagram.ftgu2-2.fna.fbcdn.net/v/t51.2885-15/e35/93425160_130021838618526_6329226515017282090_n.jpg?_nc_ht=instagram.ftgu2-2.fna.fbcdn.net&_nc_cat=106&_nc_ohc=b72t9kk4BacAX-Zw897&tp=1&oh=dc029d7ecc2630078ecda71ceaf34137&oe=5FD17187,,https://instagram.fhyd2-1.fna.fbcdn.net/v/t50.16885-16/93611549_129933021982686_1344974771742542181_n.mp4?efg=eyJ2ZW5jb2RlX3RhZyI6InZ0c192b2RfdXJsZ2VuLjYyNi5pZ3R2LmRlZmF1bHQiLCJxZV9ncm91cHMiOiJbXCJpZ193ZWJfZGVsaXZlcnlfdnRzX290ZlwiXSJ9&_nc_ht=instagram.fhyd2-1.fna.fbcdn.net&_nc_cat=106&_nc_ohc=cZqB7MyIuLQAX_-Ondd&vs=18112282276114054_2856912044&_nc_vs=HBksFQAYJEdCMW1sQVhlcjU1akxIWUFBR1dKazgxdFQ2b1NidlZCQUFBRhUAAsgBABUAGCRHRUVTbGdVMGpGaFRTMllBQUFGc2tuNnQ0OWt3YnZWQkFBQUYVAgLIAQAoABgAGwGIB3VzZV9vaWwBMRUAACaMsZr3ycGsQBUCKAJDMywXQF0qn752yLQYEmRhc2hfYmFzZWxpbmVfMV92MREAdewHAA%3D%3D&oe=5FD1D153&oh=3f174623d9509efa0f8a73ecfa1027a0
https://www.instagram.com/p/B9yMyMlFSWG,True,16/03/2020 11:58:28,1584340108,1381913,23860,https://instagram.ftgu2-2.fna.fbcdn.net/v/t51.2885-15/e35/89923850_495518224453446_4468435211935533439_n.jpg?_nc_ht=instagram.ftgu2-2.fna.fbcdn.net&_nc_cat=106&_nc_ohc=SnxV1R4NHEkAX_Q5BS6&tp=1&oh=6c37aa8682186d8e30d0d571a0d49a23&oe=5FD19CC2,,https://scontent-otp1-1.cdninstagram.com/v/t50.16885-16/10000000_900361990403123_7134272075005851252_n.mp4?efg=eyJxZV9ncm91cHMiOiJbXCJpZ19wcm9ncmVzc2l2ZV91cmxnZW4ucHJvZHVjdF90eXBlLmlndHZcIl0ifQ&_nc_ht=scontent-otp1-1.cdninstagram.com&_nc_cat=111&_nc_ohc=dY4S58OMhkIAX96bbZD&oe=5FD1650E&oh=2c4a562de03443dde025ab012e7d2df1
https://www.instagram.com/p/B-hrZ0gFXZl,True,03/04/2020 22:30:47,1585933247,866967,15996,https://instagram.ftgu2-2.fna.fbcdn.net/v/t51.2885-15/e35/91769764_542096616704932_2918978710897362131_n.jpg?_nc_ht=instagram.ftgu2-2.fna.fbcdn.net&_nc_cat=104&_nc_ohc=03FbY4uPGb8AX_tq24e&tp=1&oh=f31ed3f6a0ead05afda02046c05cff5b&oe=5FD1D9B6,,https://instagram.fkhh1-1.fna.fbcdn.net/v/t50.16885-16/10000000_533257387618143_530328078791382896_n.mp4?efg=eyJ2ZW5jb2RlX3RhZyI6InZ0c192b2RfdXJsZ2VuLjEyODAuaWd0di5kZWZhdWx0IiwicWVfZ3JvdXBzIjoiW1wiaWdfd2ViX2RlbGl2ZXJ5X3Z0c19vdGZcIl0ifQ&_nc_ht=instagram.fkhh1-1.fna.fbcdn.net&_nc_cat=103&_nc_ohc=fUXuU8Qzu70AX9o24mX&vs=17868753544685534_1158740679&_nc_vs=HBksFQAYJEdJQ1dtQUJmcnltcC11UUJBSENYeHU2VEdsd0hidlZCQUFBRhUAAsgBABUAGCRHSUNXbUFETkxGbndwNFlBQUpydjA1OHh3ODA1YnZWQkFBQUYVAgLIAQAoABgAGwGIB3VzZV9vaWwBMRUAACa8waWApOK9PxUCKAJDMywXQIZeZmZmZmYYEmRhc2hfYmFzZWxpbmVfMV92MREAdewHAA%3D%3D&_nc_rid=4d26573c75&oe=5FD1B5B9&oh=49054052a651deead55fa2aa59918c40
https://www.instagram.com/p/CCKuAT1lQVJ,False,03/07/2020 10:32:40,1593752560,4481341,54495,https://instagram.frec15-1.fna.fbcdn.net/v/t51.2885-15/sh0.08/e35/s640x640/106470626_683362015839983_8411456334679807048_n.jpg?_nc_ht=instagram.frec15-1.fna.fbcdn.net&_nc_cat=1&_nc_ohc=5ucEgqjRAzYAX_rY9o8&tp=1&oh=272572dd224fc99e693cc0a06769ee57&oe=5FF6CDCA,Interacting with our brave armed forces personnel at Nimu.,
https://www.instagram.com/p/CBQQOddlcUj,False,10/06/2020 17:36:30,1591790790,3359190,43170,https://instagram.frec15-1.fna.fbcdn.net/v/t51.2885-15/sh0.08/e35/c87.0.896.896a/s640x640/103447098_1409128989297189_8322069147905401396_n.jpg?_nc_ht=instagram.frec15-1.fna.fbcdn.net&_nc_cat=1&_nc_ohc=uY6i_qm_u6cAX9P1iBL&tp=1&oh=2a33123b121141c30ee883e81cbabb27&oe=5FF987F6,"Two very good news:

Population of the majestic Asiatic Lion, living in Gujarat‚Äôs Gir Forest, is up by almost 29%. Geographically, distribution area is up by 36%.",
https://www.instagram.com/p/CAfwIcGFD2V,False,22/05/2020 21:32:31,1590163351,3391015,281412,https://instagram.frec15-1.fna.fbcdn.net/v/t51.2885-15/sh0.08/e35/c20.0.1196.1196a/s640x640/100958690_252946642448855_7844408933069051556_n.jpg?_nc_ht=instagram.frec15-1.fna.fbcdn.net&_nc_cat=111&_nc_ohc=RR9L0O-DwicAX9zRhn2&tp=1&oh=d2fb0aa242977b4e1b8e510262a5abed&oe=5FF782F1,"Went to West Bengal and Odisha to review the situation in the wake of the super cyclone. Conducted aerial surveys and held review meetings with Chief Ministers Mamata Ji and Naveen Ji as well as other officials. 
The nation stands in solidarity with our sisters and brothers in West Bengal and Odisha. The Central Government assures all possible support as well as assistance towards the rehabilitation, restoration and reconstruction efforts.",
https://www.instagram.com/p/CAHlD5Mgs2g,True,13/05/2020 12:16:32,1589352392,1316137,37427,https://instagram.frec15-1.fna.fbcdn.net/v/t51.2885-15/e35/97140530_1318746348514044_5663643977624758698_n.jpg?_nc_ht=instagram.frec15-1.fna.fbcdn.net&_nc_cat=1&_nc_ohc=A7xvqaq6SIsAX_4oCS_&tp=1&oh=e9222301812701693e13839faa7c1482&oe=5FD15E05,‡§è‡§ï ‡§µ‡§ø‡§∂‡•á‡§∑ ‡§Ü‡§∞‡•ç‡§•‡§ø‡§ï ‡§™‡•à‡§ï‡•á‡§ú ‡§ú‡•ã ‚Äò‡§Ü‡§§‡•ç‡§Æ‡§®‡§ø‡§∞‡•ç‡§≠‡§∞ ‡§≠‡§æ‡§∞‡§§ ‡§Ö‡§≠‡§ø‡§Ø‡§æ‡§®‚Äô ‡§ï‡•Ä ‡§Ö‡§π‡§Æ ‡§ï‡§°‡§º‡•Ä ‡§ï‡•á ‡§§‡•å‡§∞ ‡§™‡§∞ ‡§ï‡§æ‡§Æ ‡§ï‡§∞‡•á‡§ó‡§æ‡•§,https://instagram.frec15-1.fna.fbcdn.net/v/t50.16885-16/10000000_116581166468637_1988332120224951_n.mp4?efg=eyJ2ZW5jb2RlX3RhZyI6InZ0c192b2RfdXJsZ2VuLjEyODAuaWd0di5kZWZhdWx0IiwicWVfZ3JvdXBzIjoiW1wiaWdfd2ViX2RlbGl2ZXJ5X3Z0c19vdGZcIl0ifQ&_nc_ht=instagram.frec15-1.fna.fbcdn.net&_nc_cat=109&_nc_ohc=ZGb4eLhXU3wAX_vjJg5&vs=17857135327927542_945700422&_nc_vs=HBksFQAYJEdJQ1dtQUFkemdPckIyb0FBTGUwdUtWZ0VBY0FidlZCQUFBRhUAAsgBABUAGCRHRFpJdndVeWp3LUs5OTBBQUUySTY0N0ZmWE0wYnZWQkFBQUYVAgLIAQAoABgAGwGIB3VzZV9vaWwBMRUAACbsudafiL64PxUCKAJDMywXQG2zMzMzMzMYEmRhc2hfYmFzZWxpbmVfMV92MREAdewHAA%3D%3D&_nc_rid=6c3aa2fd12&oe=5FD184B2&oh=afb204e7c8eca83cc48d6a639d65a20d
https://www.instagram.com/p/B_uSA_qlqov,True,03/05/2020 16:39:34,1588504174,1297267,23837,https://instagram.frec15-1.fna.fbcdn.net/v/t51.2885-15/e35/95261986_672046356913293_3212693670668326560_n.jpg?_nc_ht=instagram.frec15-1.fna.fbcdn.net&_nc_cat=1&_nc_ohc=qYUP8XTqLs0AX9XVRDj&tp=1&oh=e7f4fa7d9d456097be1855a4bf633b63&oe=5FD15FB6,Great gesture by our armed forces.,https://instagram.frec15-1.fna.fbcdn.net/v/t50.16885-16/10000000_1550939438394445_3726672878856730321_n.mp4?efg=eyJ2ZW5jb2RlX3RhZyI6InZ0c192b2RfdXJsZ2VuLjEyODAuaWd0di5kZWZhdWx0IiwicWVfZ3JvdXBzIjoiW1wiaWdfd2ViX2RlbGl2ZXJ5X3Z0c19vdGZcIl0ifQ&_nc_ht=instagram.frec15-1.fna.fbcdn.net&_nc_cat=101&_nc_ohc=fg8VMsu3o60AX8ZY4nQ&vs=18010969852282522_3047208980&_nc_vs=HBksFQAYJEdJQ1dtQUJOTEVzNmtvSUZBTkYyVmhJOXpiY3pidlZCQUFBRhUAAsgBABUAGCRHS094ckFWOURuY0pnT2dBQUxLa0pqU3hNc0pvYnZWQkFBQUYVAgLIAQAoABgAGwGIB3VzZV9vaWwBMRUAACa0vcq%2Brrj%2BPxUCKAJDMywXQGEe6XjU%2FfQYEmRhc2hfYmFzZWxpbmVfMV92MREAdewHAA%3D%3D&_nc_rid=6c3aa72319&oe=5FD1B084&oh=2fd551cd2c859d9ee51e0d5cc2cc6f1e
https://www.instagram.com/p/B_pQuNflT4m,True,01/05/2020 17:42:15,1588335135,1892176,28975,https://instagram.frec15-1.fna.fbcdn.net/v/t51.2885-15/e35/95316993_2492466567730656_5771954452346054933_n.jpg?_nc_ht=instagram.frec15-1.fna.fbcdn.net&_nc_cat=1&_nc_ohc=ubJdtq_Cv2MAX_THU1M&tp=1&oh=b1b8be84a94c425d65aa912ac177e695&oe=5FD158A6,"This is the spirit of India. 
We will courageously fight COVID-19.

We will remain eternally proud of those working on the frontline.",https://instagram.frec15-1.fna.fbcdn.net/v/t50.16885-16/95657288_646213326233932_4521869742740088808_n.mp4?efg=eyJ2ZW5jb2RlX3RhZyI6InZ0c192b2RfdXJsZ2VuLjQ4MC5pZ3R2LmRlZmF1bHQiLCJxZV9ncm91cHMiOiJbXCJpZ193ZWJfZGVsaXZlcnlfdnRzX290ZlwiXSJ9&_nc_ht=instagram.frec15-1.fna.fbcdn.net&_nc_cat=104&_nc_ohc=VWbW6WfdiHYAX-A4uOw&vs=17855833522925819_1530468618&_nc_vs=HBksFQAYJEdFaWRzd1ZNWWNKRHVrc0NBT2dubkxpUzZNQV9idlZCQUFBRhUAAsgBABUAGCRHSDd4clFWeG9La1MxT2dCQVBjaU1CNlNJYTFFYnZWQkFBQUYVAgLIAQAoABgAGwGIB3VzZV9vaWwBMRUAACb2n%2FrmpfK3PxUCKAJDMywXQFKiHKwIMScYEmRhc2hfYmFzZWxpbmVfMV92MREAdewHAA%3D%3D&_nc_rid=6c3aa5c047&oe=5FD1B985&oh=143d915cad32275a33179fd776ee65d6
https://www.instagram.com/p/B_Hd8-Nl4PP,True,18/04/2020 14:41:44,1587201104,1105394,17502,https://instagram.frec15-1.fna.fbcdn.net/v/t51.2885-15/e35/93425160_130021838618526_6329226515017282090_n.jpg?_nc_ht=instagram.frec15-1.fna.fbcdn.net&_nc_cat=106&_nc_ohc=b72t9kk4BacAX99clCh&tp=1&oh=389543fcce659394489d5368e7ba8a5c&oe=5FD17187,,https://instagram.frec15-1.fna.fbcdn.net/v/t50.16885-16/93611549_129933021982686_1344974771742542181_n.mp4?efg=eyJ2ZW5jb2RlX3RhZyI6InZ0c192b2RfdXJsZ2VuLjYyNi5pZ3R2LmRlZmF1bHQiLCJxZV9ncm91cHMiOiJbXCJpZ193ZWJfZGVsaXZlcnlfdnRzX290ZlwiXSJ9&_nc_ht=instagram.frec15-1.fna.fbcdn.net&_nc_cat=106&_nc_ohc=cZqB7MyIuLQAX8Gm6x6&vs=18112282276114054_2856912044&_nc_vs=HBksFQAYJEdCMW1sQVhlcjU1akxIWUFBR1dKazgxdFQ2b1NidlZCQUFBRhUAAsgBABUAGCRHRUVTbGdVMGpGaFRTMllBQUFGc2tuNnQ0OWt3YnZWQkFBQUYVAgLIAQAoABgAGwGIB3VzZV9vaWwBMRUAACaMsZr3ycGsQBUCKAJDMywXQF0qn752yLQYEmRhc2hfYmFzZWxpbmVfMV92MREAdewHAA%3D%3D&_nc_rid=6c3aa617f8&oe=5FD1D153&oh=cf90aac4fb04c241a3a9644fdda9c305
https://www.instagram.com/p/B_DRt7HFKLY,True,16/04/2020 23:36:58,1587060418,1755004,22694,https://instagram.frec15-1.fna.fbcdn.net/v/t51.2885-15/e35/93823159_171101797384305_4224432716881423371_n.jpg?_nc_ht=instagram.frec15-1.fna.fbcdn.net&_nc_cat=1&_nc_ohc=gLmA3KU9FC0AX9ji4Oe&tp=1&oh=316a0171a1de3b448dbff936446fbb40&oe=5FD1C541,These youngsters have a message for you. See this.,https://instagram.frec15-1.fna.fbcdn.net/v/t50.2886-16/92755761_224366182167476_1560014808818288737_n.mp4?efg=eyJ2ZW5jb2RlX3RhZyI6InZ0c192b2RfdXJsZ2VuLjQ4MC5mZWVkLmRlZmF1bHQiLCJxZV9ncm91cHMiOiJbXCJpZ193ZWJfZGVsaXZlcnlfdnRzX290ZlwiXSJ9&_nc_ht=instagram.frec15-1.fna.fbcdn.net&_nc_cat=108&_nc_ohc=okQ8Xl2CUOwAX-5J4pL&vs=17849167049032645_4187394670&_nc_vs=HBksFQAYJEdERlhod1cwYzVaU0Q4d0FBR0dJOWdzMFNhWVZia1lMQUFBRhUAAsgBABUAGCRHSUxPbEFWQXVhNmlvaHdCQUxueWl5MWFWSVZGYmtZTEFBQUYVAgLIAQAoABgAGwAVAAAmir37mKHutD8VAigCQzMsF0BN92yLQ5WBGBJkYXNoX2Jhc2VsaW5lXzFfdjERAHXqBwA%3D&_nc_rid=6c3aa6fae8&oe=5FD19953&oh=5462094d52cb951e5a5a19d772d8ff60
https://www.instagram.com/p/B-_ZjTblmne,True,15/04/2020 11:28:53,1586930333,1239017,28302,https://instagram.frec15-1.fna.fbcdn.net/v/t51.2885-15/e35/92956172_2635169986697614_2679359370534828595_n.jpg?_nc_ht=instagram.frec15-1.fna.fbcdn.net&_nc_cat=110&_nc_ohc=XNm9DiJb4XcAX8SXZnN&tp=1&oh=c11c908c77fef1ecdcaba950eafefd55&oe=5FD158C8,,https://instagram.frec15-1.fna.fbcdn.net/v/t50.16885-16/92779256_530833994247432_37727768870850844_n.mp4?efg=eyJ2ZW5jb2RlX3RhZyI6InZ0c192b2RfdXJsZ2VuLjY0MC5pZ3R2LmRlZmF1bHQiLCJxZV9ncm91cHMiOiJbXCJpZ193ZWJfZGVsaXZlcnlfdnRzX290ZlwiXSJ9&_nc_ht=instagram.frec15-1.fna.fbcdn.net&_nc_cat=100&_nc_ohc=MySf2rqzMDUAX8rhaxJ&vs=17869179226707592_1103891244&_nc_vs=HBksFQAYJEdQaXlod1VJYmFscnl1SUJBQndSdDdVMENZWUFidlZCQUFBRhUAAsgBABUAGCRHUC1GaXdXNW9PNlJtVllDQU1EN2FxSTNKSko2YnZWQkFBQUYVAgLIAQAoABgAGwGIB3VzZV9vaWwBMRUAACaQqv%2FVj%2Fu9PxUCKAJDMywXQGliHKwIMScYEmRhc2hfYmFzZWxpbmVfMV92MREAdewHAA%3D%3D&_nc_rid=6c3aa65622&oe=5FD14349&oh=48f8120e7e426f2454b782c99eb4bba6
https://www.instagram.com/p/B-mvkeIlQcP,False,05/04/2020 21:39:30,1586102970,5962024,128913,https://instagram.frec15-1.fna.fbcdn.net/v/t51.2885-15/sh0.08/e35/c0.180.1440.1440a/s640x640/91627338_532849237652526_2344274995851753262_n.jpg?_nc_ht=instagram.frec15-1.fna.fbcdn.net&_nc_cat=106&_nc_ohc=VpurHZ6x7VcAX_mnOiu&tp=1&oh=df44f43129e5adc3a1a4898e40d49f58&oe=5FF7D3EB,"‡§∂‡•Å‡§≠‡§Ç ‡§ï‡§∞‡•ã‡§§‡§ø ‡§ï‡§≤‡•ç‡§Ø‡§æ‡§£‡§Æ‡§æ‡§∞‡•ã‡§ó‡•ç‡§Ø‡§Ç ‡§ß‡§®‡§∏‡§Ç‡§™‡§¶‡§æ ‡•§
‡§∂‡§§‡•ç‡§∞‡•Å‡§¨‡•Å‡§¶‡•ç‡§ß‡§ø‡§µ‡§ø‡§®‡§æ‡§∂‡§æ‡§Ø ‡§¶‡•Ä‡§™‡§ú‡•ç‡§Ø‡•ã‡§§‡§ø‡§∞‡•ç‡§®‡§Æ‡•ã‡§Ω‡§∏‡•ç‡§§‡•Å‡§§‡•á ‡••",
https://www.instagram.com/p/B-jEz1RlyTo,True,04/04/2020 11:29:10,1585979950,1385499,24510,https://instagram.frec15-1.fna.fbcdn.net/v/t51.2885-15/e35/91960103_1096812567344819_6277672665856621471_n.jpg?_nc_ht=instagram.frec15-1.fna.fbcdn.net&_nc_cat=111&_nc_ohc=oM5ltyzc6EYAX8q-RFS&tp=1&oh=5fb71e9dd8e1441ce36e6b2d1ebdb7c8&oe=5FD13F5A,‡§Ü‡§ì ‡§¶‡•Ä‡§Ø‡§æ ‡§ú‡§≤‡§æ‡§è‡§Ç‡•§,https://instagram.frec15-1.fna.fbcdn.net/v/t50.2886-16/91910364_910807262686451_7602488886475044688_n.mp4?efg=eyJ2ZW5jb2RlX3RhZyI6InZ0c192b2RfdXJsZ2VuLjQ4MC5mZWVkLmRlZmF1bHQiLCJxZV9ncm91cHMiOiJbXCJpZ193ZWJfZGVsaXZlcnlfdnRzX290ZlwiXSJ9&_nc_ht=instagram.frec15-1.fna.fbcdn.net&_nc_cat=111&_nc_ohc=38Uzu4holV0AX8FSAh6&vs=17852305492949223_2076781959&_nc_vs=HBksFQAYJEdOeHdlZ1h6N0ZuWFh6d0RBRkEzTTg5Y2Q0RnBia1lMQUFBRhUAAsgBABUAGCRHRWhZZUFXOTZRMnctalFEQUlWZnRkUFZadjViYmtZTEFBQUYVAgLIAQAoABgAGwAVAAAmzumazfiktj8VAigCQzMsF0BIqp%2B%2Bdsi0GBJkYXNoX2Jhc2VsaW5lXzFfdjERAHXqBwA%3D&_nc_rid=6c3aadbe0a&oe=5FD19BBB&oh=edb5e1a470d03f99db33a92f19027ef6
https://www.instagram.com/p/B-hrZ0gFXZl,True,03/04/2020 22:30:47,1585933247,866967,15996,https://instagram.frec15-1.fna.fbcdn.net/v/t51.2885-15/e35/91769764_542096616704932_2918978710897362131_n.jpg?_nc_ht=instagram.frec15-1.fna.fbcdn.net&_nc_cat=1&_nc_ohc=03FbY4uPGb8AX-xvdqs&tp=1&oh=2542228be1c0fc5ccedb2e2a2197a4a1&oe=5FD1D9B6,,https://instagram.frec15-1.fna.fbcdn.net/v/t50.16885-16/10000000_533257387618143_530328078791382896_n.mp4?efg=eyJ2ZW5jb2RlX3RhZyI6InZ0c192b2RfdXJsZ2VuLjEyODAuaWd0di5kZWZhdWx0IiwicWVfZ3JvdXBzIjoiW1wiaWdfd2ViX2RlbGl2ZXJ5X3Z0c19vdGZcIl0ifQ&_nc_ht=instagram.frec15-1.fna.fbcdn.net&_nc_cat=103&_nc_ohc=fUXuU8Qzu70AX_PTti7&vs=17868753544685534_1158740679&_nc_vs=HBksFQAYJEdJQ1dtQUJmcnltcC11UUJBSENYeHU2VEdsd0hidlZCQUFBRhUAAsgBABUAGCRHSUNXbUFETkxGbndwNFlBQUpydjA1OHh3ODA1YnZWQkFBQUYVAgLIAQAoABgAGwGIB3VzZV9vaWwBMRUAACa8waWApOK9PxUCKAJDMywXQIZeZmZmZmYYEmRhc2hfYmFzZWxpbmVfMV92MREAdewHAA%3D%3D&_nc_rid=6c3aa31c64&oe=5FD1B5B9&oh=d76d6d24fd4f07b81cf526dfdeceb4af
https://www.instagram.com/p/B9y-38qlWYK,True,16/03/2020 19:13:56,1584366236,759262,19405,https://instagram.ftgu2-2.fna.fbcdn.net/v/t51.2885-15/e35/89829492_198174501515273_4206485659815646340_n.jpg?_nc_ht=instagram.ftgu2-2.fna.fbcdn.net&_nc_cat=105&_nc_ohc=TtXYbPr3POAAX-EOPIk&tp=1&oh=28b9f72cd30873044abd979753eaf563&oe=5FD15522,Here are some of India‚Äôs efforts towards combatting the menace of COVID-19 Novel Coronavirus.,https://instagram.fbom19-2.fna.fbcdn.net/v/t50.16885-16/89913237_1444878305671956_1242720305487078038_n.mp4?efg=eyJ2ZW5jb2RlX3RhZyI6InZ0c192b2RfdXJsZ2VuLjY0MC5pZ3R2LmRlZmF1bHQiLCJxZV9ncm91cHMiOiJbXCJpZ193ZWJfZGVsaXZlcnlfdnRzX290ZlwiXSJ9&_nc_ht=instagram.fbom19-2.fna.fbcdn.net&_nc_cat=100&_nc_ohc=slsr-JHo-8cAX8AfFKy&vs=17915375026400220_558435417&_nc_vs=HBksFQAYJEdKWDNXd1VVT3lmeUd5SUZBSmJpdUp1SUJ6OFJidlZCQUFBRhUAAsgBABUAGCRHRkZhUVFVSDg0UnFkX01CQU9TMjNXLU1DZ0p6YnZWQkFBQUYVAgLIAQAoABgAGwGIB3VzZV9vaWwBMRUAACa44d%2Fzh%2FzSPxUCKAJDMywXQGvkQYk3S8cYEmRhc2hfYmFzZWxpbmVfMV92MREAdewHAA%3D%3D&_nc_rid=09f0ca7795&oe=5FD1484B&oh=1bef45a43045c029f6d673f5523eba19
https://www.instagram.com/p/B-_ZjTblmne,True,15/04/2020 11:28:53,1586930333,1239017,28302,https://instagram.ftgu2-2.fna.fbcdn.net/v/t51.2885-15/e35/92956172_2635169986697614_2679359370534828595_n.jpg?_nc_ht=instagram.ftgu2-2.fna.fbcdn.net&_nc_cat=110&_nc_ohc=XNm9DiJb4XcAX-YJJmi&tp=1&oh=82394645ed4716bd47ef1c2144141da3&oe=5FD158C8,,https://instagram.fmnl3-2.fna.fbcdn.net/v/t50.16885-16/92779256_530833994247432_37727768870850844_n.mp4?efg=eyJ2ZW5jb2RlX3RhZyI6InZ0c192b2RfdXJsZ2VuLjY0MC5pZ3R2LmRlZmF1bHQiLCJxZV9ncm91cHMiOiJbXCJpZ193ZWJfZGVsaXZlcnlfdnRzX290ZlwiXSJ9&_nc_ht=instagram.fmnl3-2.fna.fbcdn.net&_nc_cat=100&_nc_ohc=MySf2rqzMDUAX_tkjAf&vs=17869179226707592_1103891244&_nc_vs=HBksFQAYJEdQaXlod1VJYmFscnl1SUJBQndSdDdVMENZWUFidlZCQUFBRhUAAsgBABUAGCRHUC1GaXdXNW9PNlJtVllDQU1EN2FxSTNKSko2YnZWQkFBQUYVAgLIAQAoABgAGwGIB3VzZV9vaWwBMRUAACaQqv%2FVj%2Fu9PxUCKAJDMywXQGliHKwIMScYEmRhc2hfYmFzZWxpbmVfMV92MREAdewHAA%3D%3D&oe=5FD14349&oh=73200a9db0f7b90c3a4bb6edf42e3f2c
https://www.instagram.com/p/B-cYm_KFazO,False,01/04/2020 21:06:27,1585755387,1242931,10631,https://scontent-maa2-1.cdninstagram.com/v/t51.2885-15/sh0.08/e35/s640x640/91260511_561204014747873_248272891913222149_n.jpg?_nc_ht=scontent-maa2-1.cdninstagram.com&_nc_cat=105&_nc_ohc=sS139gzIOjkAX-4tW9Q&tp=1&oh=7e47e08c55d7bc6b498da60fbf43ff71&oe=5FF95D74,"I urge you to have a look at the Ayush Ministry protocol, make it a part of your lives and share it with others. 
Let‚Äôs keep the focus on being healthy. After all, good health is the harbinger of happiness.",
https://www.instagram.com/p/B-KVs9xngIF,True,25/03/2020 20:56:40,1585150000,926959,19458,https://scontent-maa2-1.cdninstagram.com/v/t51.2885-15/e35/90513822_212437523158762_4896699513734357433_n.jpg?_nc_ht=scontent-maa2-1.cdninstagram.com&_nc_cat=110&_nc_ohc=GlEVNPJvs_0AX9sBB7t&tp=1&oh=1e2e8c59f92ce612c2ce870e103e7ed3&oe=5FD1D3E1,"‡§Æ‡•Å‡§ù‡•á ‡§Ö‡§™‡§®‡•Ä ‚Äò‡§¨‡§æ‡§≤ ‡§∏‡•á‡§®‡§æ‚Äô ‡§™‡§∞ ‡§™‡•Ç‡§∞‡§æ ‡§µ‡§ø‡§∂‡•ç‡§µ‡§æ‡§∏ ‡§π‡•à‡•§ ‡§µ‡•á ‡§á‡§∏ ‡§¨‡§æ‡§§ ‡§ï‡•ã ‡§∏‡•Å‡§®‡§ø‡§∂‡•ç‡§ö‡§ø‡§§ ‡§ï‡§∞‡•á‡§Ç‡§ó‡•á ‡§ï‡§ø ‡§≤‡•ã‡§ó ‡§Ö‡§™‡§®‡•á ‡§ò‡§∞‡•ã‡§Ç ‡§Æ‡•á‡§Ç ‡§∞‡§π‡•á‡§Ç, ‡§§‡§æ‡§ï‡§ø COVID-19 ‡§ï‡•á ‡§ñ‡§ø‡§≤‡§æ‡§´ ‡§≠‡§æ‡§∞‡§§ ‡§™‡•ç‡§∞‡§≠‡§æ‡§µ‡•Ä ‡§§‡§∞‡•Ä‡§ï‡•á ‡§∏‡•á ‡§≤‡§°‡§º ‡§∏‡§ï‡•á‡•§",https://scontent-maa2-1.cdninstagram.com/v/t50.2886-16/90634484_208939770340902_5806234184461784402_n.mp4?efg=eyJ2ZW5jb2RlX3RhZyI6InZ0c192b2RfdXJsZ2VuLjcyMC5mZWVkLmRlZmF1bHQiLCJxZV9ncm91cHMiOiJbXCJpZ193ZWJfZGVsaXZlcnlfdnRzX290ZlwiXSJ9&_nc_ht=scontent-maa2-1.cdninstagram.com&_nc_cat=106&_nc_ohc=h2knu4QUfEoAX-8IgSE&vs=17893205692482072_2583535388&_nc_vs=HBksFQAYJEdQVDRaZ1VtWnNxVUI3NEFBRklWazE4NjQ1TlFia1lMQUFBRhUAAsgBABUAGCRHQTdQWmdVRU1BaDdFZUFBQUlQVXhtXy1FQkVtYmtZTEFBQUYVAgLIAQAoABgAGwAVAAAmsPXX5tDxyD8VAigCQzMsF0BGgAAAAAAAGBJkYXNoX2Jhc2VsaW5lXzFfdjERAHXqBwA%3D&oe=5FD1C619&oh=fa3dc9cdde628c7105a063fac9340162
https://www.instagram.com/p/B-B2LZhFMsN,True,22/03/2020 13:46:48,1584865008,798548,14274,https://scontent-maa2-2.cdninstagram.com/v/t51.2885-15/e35/90090289_236192160888991_8761757226334929220_n.jpg?_nc_ht=scontent-maa2-2.cdninstagram.com&_nc_cat=107&_nc_ohc=o56v0gUw0KwAX-xy0lB&tp=1&oh=aec2905fa3d39e9e7381adf0efa998ac&oe=5FD14D83,"Minute precautions can make monumental impacts and save many lives. 
Saw this interesting video on social media. If you have such videos that can educate people and spread awareness on battling COVID-19, please do so using #IndiaFightsCorona.",https://scontent-maa2-2.cdninstagram.com/v/t50.2886-16/90595139_2669287529966835_4909353034216444307_n.mp4?efg=eyJ2ZW5jb2RlX3RhZyI6InZ0c192b2RfdXJsZ2VuLjcyMC5mZWVkLmRlZmF1bHQiLCJxZV9ncm91cHMiOiJbXCJpZ193ZWJfZGVsaXZlcnlfdnRzX290ZlwiXSJ9&_nc_ht=scontent-maa2-2.cdninstagram.com&_nc_cat=103&_nc_ohc=fHRE3p8E4ZoAX_MKjsO&vs=17857955542829426_3134790081&_nc_vs=HBksFQAYJEdFTmZaZ1h6N0FidnMzc0pBSk1SZGVHU2hpRkVia1lMQUFBRhUAAsgBABUAGCRHUFRXWUFWcF9IVTRVdndGQU55Nl9Way1RUHAzYmtZTEFBQUYVAgLIAQAoABgAGwAVAAAm5IHriujtuD8VAigCQzMsF0BMVT987ZFoGBJkYXNoX2Jhc2VsaW5lXzFfdjERAHXqBwA%3D&oe=5FD14625&oh=31fdf6a5d0630db3393b4938b04252cb
https://www.instagram.com/p/B9y-38qlWYK,True,16/03/2020 19:13:56,1584366236,759262,19405,https://scontent-maa2-1.cdninstagram.com/v/t51.2885-15/e35/89829492_198174501515273_4206485659815646340_n.jpg?_nc_ht=scontent-maa2-1.cdninstagram.com&_nc_cat=105&_nc_ohc=TtXYbPr3POAAX_QXAYc&tp=1&oh=4c7a860410beaf4d905bd64b0c8d4bab&oe=5FD15522,Here are some of India‚Äôs efforts towards combatting the menace of COVID-19 Novel Coronavirus.,https://scontent-maa2-1.cdninstagram.com/v/t50.16885-16/89913237_1444878305671956_1242720305487078038_n.mp4?efg=eyJ2ZW5jb2RlX3RhZyI6InZ0c192b2RfdXJsZ2VuLjY0MC5pZ3R2LmRlZmF1bHQiLCJxZV9ncm91cHMiOiJbXCJpZ193ZWJfZGVsaXZlcnlfdnRzX290ZlwiXSJ9&_nc_ht=scontent-maa2-1.cdninstagram.com&_nc_cat=100&_nc_ohc=slsr-JHo-8cAX_9AwW6&vs=17915375026400220_558435417&_nc_vs=HBksFQAYJEdKWDNXd1VVT3lmeUd5SUZBSmJpdUp1SUJ6OFJidlZCQUFBRhUAAsgBABUAGCRHRkZhUVFVSDg0UnFkX01CQU9TMjNXLU1DZ0p6YnZWQkFBQUYVAgLIAQAoABgAGwGIB3VzZV9vaWwBMRUAACa44d%2Fzh%2FzSPxUCKAJDMywXQGvkQYk3S8cYEmRhc2hfYmFzZWxpbmVfMV92MREAdewHAA%3D%3D&oe=5FD1484B&oh=0631444997e30f9c27c0ef0588a1e241
https://www.instagram.com/p/B9yMyMlFSWG,True,16/03/2020 11:58:28,1584340108,1381913,23860,https://scontent-maa2-1.cdninstagram.com/v/t51.2885-15/e35/89923850_495518224453446_4468435211935533439_n.jpg?_nc_ht=scontent-maa2-1.cdninstagram.com&_nc_cat=106&_nc_ohc=SnxV1R4NHEkAX_pxbvv&tp=1&oh=86187e4e0935d7f4afffa4a2e010c178&oe=5FD19CC2,,https://scontent-maa2-1.cdninstagram.com/v/t50.16885-16/10000000_900361990403123_7134272075005851252_n.mp4?efg=eyJxZV9ncm91cHMiOiJbXCJpZ19wcm9ncmVzc2l2ZV91cmxnZW4ucHJvZHVjdF90eXBlLmlndHZcIl0ifQ&_nc_ht=scontent-maa2-1.cdninstagram.com&_nc_cat=111&_nc_ohc=dY4S58OMhkIAX_Z7miF&oe=5FD1650E&oh=f35d890c7b81412b97aeaaa366b92d64
https://www.instagram.com/p/B9eDdFNlHY4,True,08/03/2020 16:09:22,1583663962,425443,10091,https://scontent-maa2-1.cdninstagram.com/v/t51.2885-15/e35/87395227_126185908949240_6256373891705043462_n.jpg?_nc_ht=scontent-maa2-1.cdninstagram.com&_nc_cat=108&_nc_ohc=AvfJSaoVbmkAX8vwcU3&tp=1&oh=0ce82f787286aaaeb2e2ca1e8e642ee6&oe=5FD1A7A3,"‡§ú‡§π‡§æ‡§Ç ‡§ö‡§æ‡§π ‡§µ‡§π‡§æ‡§Ç ‡§∞‡§æ‡§π‚Ä¶ ‡§á‡§ö‡•ç‡§õ‡§æ‡§∂‡§ï‡•ç‡§§‡§ø ‡§∏‡•á ‡§∏‡§¨ ‡§ï‡•Å‡§õ ‡§π‡§æ‡§∏‡§ø‡§≤ ‡§ï‡§ø‡§Ø‡§æ ‡§ú‡§æ ‡§∏‡§ï‡§§‡§æ ‡§π‡•à‡•§ ‡§Æ‡•á‡§∞‡•Ä ‡§µ‡§æ‡§∏‡•ç‡§§‡§µ‡§ø‡§ï ‡§™‡§π‡§ö‡§æ‡§® ‡§™‡§≤‡§Ç‡§ó ‡§ï‡•á ‡§®‡•Ä‡§ö‡•á ‡§è‡§ï ‡§ï‡§ø‡§≤‡•ã ‡§Æ‡§∂‡§∞‡•Ç‡§Æ ‡§ï‡•Ä ‡§ñ‡•á‡§§‡•Ä ‡§∏‡•á ‡§∂‡•Å‡§∞‡•Ç ‡§π‡•Å‡§à ‡§•‡•Ä‡•§ ‡§≤‡•á‡§ï‡§ø‡§® ‡§á‡§∏ ‡§ñ‡•á‡§§‡•Ä ‡§®‡•á ‡§Æ‡•Å‡§ù‡•á ‡§® ‡§ï‡•á‡§µ‡§≤ ‡§Ü‡§§‡•ç‡§Æ‡§®‡§ø‡§∞‡•ç‡§≠‡§∞ ‡§¨‡§®‡§æ‡§Ø‡§æ, ‡§¨‡§≤‡•ç‡§ï‡§ø ‡§Æ‡•á‡§∞‡•á ‡§Ü‡§§‡•ç‡§Æ‡§µ‡§ø‡§∂‡•ç‡§µ‡§æ‡§∏ ‡§ï‡•ã ‡§¨‡§¢‡§º‡§æ‡§ï‡§∞ ‡§è‡§ï ‡§®‡§Ø‡§æ ‡§ú‡•Ä‡§µ‡§® ‡§¶‡§ø‡§Ø‡§æ‡•§ ‡§µ‡•Ä‡§£‡§æ ‡§¶‡•á‡§µ‡•Ä, ‡§Æ‡•Å‡§Ç‡§ó‡•á‡§∞",https://scontent-maa2-2.cdninstagram.com/v/t50.16885-16/10000000_154357622703567_2485517660334051304_n.mp4?efg=eyJ2ZW5jb2RlX3RhZyI6InZ0c192b2RfdXJsZ2VuLjEyODAuaWd0di5kZWZhdWx0IiwicWVfZ3JvdXBzIjoiW1wiaWdfd2ViX2RlbGl2ZXJ5X3Z0c19vdGZcIl0ifQ&_nc_ht=scontent-maa2-2.cdninstagram.com&_nc_cat=103&_nc_ohc=K119J5Y7jy0AX_ftkA5&vs=17892162793476174_4209763864&_nc_vs=HBksFQAYJEdJQ1dtQURQQlVVdlk0d0FBT2pQSzZza1ZYNGlidlZCQUFBRhUAAsgBABUAGCRHSlFjVHdXZGRPUi1GLThKQUVqaG1FYUZMeXdOYnZWQkFBQUYVAgLIAQAoABgAGwGIB3VzZV9vaWwBMRUAACacqrvh97TIPxUCKAJDMywXQFtO6XjU%2FfQYEmRhc2hfYmFzZWxpbmVfMV92MREAdewHAA%3D%3D&oe=5FD13DFA&oh=d9f9d9e806345209163d689a53235061
https://www.instagram.com/p/B9d_kmilXqD,True,08/03/2020 15:35:31,1583661931,323275,3224,https://scontent-maa2-1.cdninstagram.com/v/t51.2885-15/e35/89368345_146157120201438_1430021057535230899_n.jpg?_nc_ht=scontent-maa2-1.cdninstagram.com&_nc_cat=106&_nc_ohc=RLSklk--1yUAX-f97J-&tp=1&oh=5b21ef9fe0fb3e235ea1ecae6b2da96b&oe=5FD182ED,"‡§Æ‡•à‡§Ç ‡§ú‡§ø‡§∏ ‡§ú‡§ó‡§π ‡§™‡•á ‡§∞‡§π‡§§‡•Ä ‡§•‡•Ä, ‡§µ‡§π‡§æ‡§Ç ‡§π‡§∞ ‡§§‡§∞‡§´ ‡§ó‡§Ç‡§¶‡§ó‡•Ä ‡§π‡•Ä ‡§ó‡§Ç‡§¶‡§ó‡•Ä ‡§•‡•Ä‡•§ ‡§≤‡•á‡§ï‡§ø‡§® ‡§¶‡•É‡§¢‡§º ‡§µ‡§ø‡§∂‡•ç‡§µ‡§æ‡§∏ ‡§•‡§æ ‡§ï‡§ø ‡§∏‡•ç‡§µ‡§ö‡•ç‡§õ‡§§‡§æ ‡§ï‡•á ‡§ú‡§∞‡§ø‡§è ‡§π‡§Æ ‡§á‡§∏ ‡§∏‡•ç‡§•‡§ø‡§§‡§ø ‡§ï‡•ã ‡§¨‡§¶‡§≤ ‡§∏‡§ï‡§§‡•á ‡§π‡•à‡§Ç‡•§ ‡§≤‡•ã‡§ó‡•ã‡§Ç ‡§ï‡•ã ‡§∏‡§Æ‡§ù‡§æ‡§®‡•á ‡§ï‡§æ ‡§´‡•à‡§∏‡§≤‡§æ ‡§ï‡§ø‡§Ø‡§æ‡•§ ‡§∂‡•å‡§ö‡§æ‡§≤‡§Ø ‡§¨‡§®‡§æ‡§®‡•á ‡§ï‡•á ‡§≤‡§ø‡§è ‡§ò‡•Ç‡§Æ-‡§ò‡•Ç‡§Æ‡§ï‡§∞ ‡§è‡§ï-‡§è‡§ï ‡§™‡•à‡§∏‡§æ ‡§á‡§ï‡§ü‡•ç‡§†‡§æ ‡§ï‡§ø‡§Ø‡§æ‡•§ ‡§Ü‡§ñ‡§ø‡§∞‡§ï‡§æ‡§∞ ‡§∏‡§´‡§≤‡§§‡§æ ‡§π‡§æ‡§• ‡§≤‡§ó‡•Ä‡•§ ‡§ï‡§≤‡§æ‡§µ‡§§‡•Ä ‡§¶‡•á‡§µ‡•Ä, ‡§ï‡§æ‡§®‡§™‡•Å‡§∞",https://scontent-maa2-1.cdninstagram.com/v/t50.16885-16/10000000_208351413874909_358496304835500781_n.mp4?efg=eyJ2ZW5jb2RlX3RhZyI6InZ0c192b2RfdXJsZ2VuLjEyODAuaWd0di5kZWZhdWx0IiwicWVfZ3JvdXBzIjoiW1wiaWdfd2ViX2RlbGl2ZXJ5X3Z0c19vdGZcIl0ifQ&_nc_ht=scontent-maa2-1.cdninstagram.com&_nc_cat=101&_nc_ohc=UKo_jfrvULsAX_ERjnJ&vs=18018994717269205_1738090774&_nc_vs=HBksFQAYJEdJQ1dtQURkTUFPWWZyMEFBTzJhQW1kOW92a0VidlZCQUFBRhUAAsgBABUAGCRHSDFKUVFYaUtqWWI2YTBBQUJER2hzVFk3N1Z1YnZWQkFBQUYVAgLIAQAoABgAGwGIB3VzZV9vaWwBMRUAACaqosO%2BwYuCQBUCKAJDMywXQF5RBiTdLxsYEmRhc2hfYmFzZWxpbmVfMV92MREAdewHAA%3D%3D&oe=5FD18BED&oh=322bf1b915c8194f829f99a21b9b123c
https://www.instagram.com/p/B9d29gDlMmd,True,08/03/2020 14:26:56,1583657816,307131,2947,https://scontent-maa2-1.cdninstagram.com/v/t51.2885-15/e35/88675905_242872256878645_2565411860149693495_n.jpg?_nc_ht=scontent-maa2-1.cdninstagram.com&_nc_cat=101&_nc_ohc=QYlTHkGYhqYAX-ex6OP&tp=1&oh=e05adcc441cc4444313fb6cbac2aaa0e&oe=5FD1AF6F,"You have heard about handicrafts from different parts of India. 
My fellow Indians, I present to you handicrafts of the Banjara community in rural Maharashtra.

I have been working on this for the last 2 decades and have been assisted by a thousand more women- Vijaya Pawar",https://scontent-maa2-1.cdninstagram.com/v/t50.16885-16/10000000_908683516221311_2386184193012228585_n.mp4?efg=eyJ2ZW5jb2RlX3RhZyI6InZ0c192b2RfdXJsZ2VuLjEyODAuaWd0di5kZWZhdWx0IiwicWVfZ3JvdXBzIjoiW1wiaWdfd2ViX2RlbGl2ZXJ5X3Z0c19vdGZcIl0ifQ&_nc_ht=scontent-maa2-1.cdninstagram.com&_nc_cat=111&_nc_ohc=fwgS62_iIe0AX8Uz8wx&vs=17898729403449126_76872340&_nc_vs=HBksFQAYJEdJQ1dtQUItbHpKZWNUb0RBT2xoSlluaGJSMGhidlZCQUFBRhUAAsgBABUAGCRHRE50UkFVM1hyRFAzXzREQUp4YXM3c1lrV1FmYnZWQkFBQUYVAgLIAQAoABgAGwGIB3VzZV9vaWwBMRUAACbMiOzTj7PLPxUCKAJDMywXQGaBDlYEGJMYEmRhc2hfYmFzZWxpbmVfMV92MREAdewHAA%3D%3D&oe=5FD196D6&oh=51f9903683f95ac053042d6a28bb0516
https://www.instagram.com/p/B9dwFoiFOkG,True,08/03/2020 13:26:46,1583654206,280864,1884,https://scontent-maa2-1.cdninstagram.com/v/t51.2885-15/e35/87869178_200727004362406_2287946349226189214_n.jpg?_nc_ht=scontent-maa2-1.cdninstagram.com&_nc_cat=110&_nc_ohc=TtScnSLO0tQAX9bcAI8&tp=1&oh=cc818d20df2dc169d5c14868c257f4b3&oe=5FD18361,"Be a warrior but of a different kind!

Be a water warrior.

Have you ever thought about water scarcity? Each one of us can collectively act to create a water secure future for our children 
Here is how I am doing my bit. 
@kalpanarameshkaava.co",https://scontent-maa2-2.cdninstagram.com/v/t50.16885-16/10000000_204108550669071_5124461780395526639_n.mp4?efg=eyJ2ZW5jb2RlX3RhZyI6InZ0c192b2RfdXJsZ2VuLjEyODAuaWd0di5kZWZhdWx0IiwicWVfZ3JvdXBzIjoiW1wiaWdfd2ViX2RlbGl2ZXJ5X3Z0c19vdGZcIl0ifQ&_nc_ht=scontent-maa2-2.cdninstagram.com&_nc_cat=103&_nc_ohc=hC34-qPsg_4AX9H7SKj&vs=17845818853998221_3341770299&_nc_vs=HBksFQAYJEdJQ1dtQUFQZzZpNW9ya0FBT19KaXJYV3ZoMUhidlZCQUFBRhUAAsgBABUAGCRHSDE2VmdVaTE3UFE4N0lBQUVxQkhId2JKMHBfYnZWQkFBQUYVAgLIAQAoABgAGwGIB3VzZV9vaWwBMRUAACaa6bKqq6uzPxUCKAJDMywXQF1IgxJul40YEmRhc2hfYmFzZWxpbmVfMV92MREAdewHAA%3D%3D&oe=5FD1D001&oh=7f25a2e700e57d197e4f485bfde1d313
https://www.instagram.com/p/B9doHbGFTY8,True,08/03/2020 12:13:43,1583649823,280244,2450,https://scontent-maa2-2.cdninstagram.com/v/t51.2885-15/e35/89271374_300357264257479_550118597075371782_n.jpg?_nc_ht=scontent-maa2-2.cdninstagram.com&_nc_cat=107&_nc_ohc=8asmihsNLaAAX9R9DSn&tp=1&oh=abdd0e40546c6e8dd6ff40551a046b91&oe=5FD1BA33,"I always dreamt of reviving the traditional crafts of Kashmir because this is a means to empower local women. 
I saw the condition of women artisans and so I began working to revise Namda craft. 
I am Arifa from Kashmir and here is my life journey.",https://scontent-maa2-2.cdninstagram.com/v/t50.16885-16/10000000_228502128287139_1511261936626754412_n.mp4?efg=eyJ2ZW5jb2RlX3RhZyI6InZ0c192b2RfdXJsZ2VuLjEyODAuaWd0di5kZWZhdWx0IiwicWVfZ3JvdXBzIjoiW1wiaWdfd2ViX2RlbGl2ZXJ5X3Z0c19vdGZcIl0ifQ&_nc_ht=scontent-maa2-2.cdninstagram.com&_nc_cat=103&_nc_ohc=Ci2aAv6ADTEAX8lLlyU&vs=17843832422026771_783266559&_nc_vs=HBksFQAYJEdJQ1dtQUNqM1M5TTBzOEFBR3pqTkdfNUZQa1VidlZCQUFBRhUAAsgBABUAGCRHSFdPUXdVMWl4S0oyVWNDQVBUYkhRS1lBX2xTYnZWQkFBQUYVAgLIAQAoABgAGwGIB3VzZV9vaWwBMRUAACamrsav27eyPxUCKAJDMywXQFsxBiTdLxsYEmRhc2hfYmFzZWxpbmVfMV92MREAdewHAA%3D%3D&oe=5FD18ADA&oh=68f201fdb21d700a786937825d34020b
https://www.instagram.com/p/B9dii8yFA8L,True,08/03/2020 11:22:12,1583646732,360084,3235,https://scontent-maa2-2.cdninstagram.com/v/t51.2885-15/e35/83904752_2547671322187947_1556800404878693109_n.jpg?_nc_ht=scontent-maa2-2.cdninstagram.com&_nc_cat=103&_nc_ohc=wTsA54wFBW4AX9DAmL_&tp=1&oh=81fc93288fd42cc66516f2db6c985491&oe=5FD192C1,"Acceptance is the greatest reward we can give to ourselves. We can‚Äôt control our lives but we surely can control our attitude towards life. At the end of the day, it is how we survive our challenges that matters most. 
Know more about me and my work- 
@malvika.iyer",https://scontent-maa2-1.cdninstagram.com/v/t50.16885-16/10000000_345025913051318_134090850176124536_n.mp4?efg=eyJ2ZW5jb2RlX3RhZyI6InZ0c192b2RfdXJsZ2VuLjEyODAuaWd0di5kZWZhdWx0IiwicWVfZ3JvdXBzIjoiW1wiaWdfd2ViX2RlbGl2ZXJ5X3Z0c19vdGZcIl0ifQ&_nc_ht=scontent-maa2-1.cdninstagram.com&_nc_cat=102&_nc_ohc=FlKfPR9DgRgAX9Y5Xti&vs=18026618464250647_1631285631&_nc_vs=HBksFQAYJEdJQ1dtQUMyV1B5YXpEa0JBSGpHWVBUcVl0d0JidlZCQUFBRhUAAsgBABUAGCRHR0ZWVHdYSzhmMnlBMEVDQUdKYnVEa3pBd05HYnZWQkFBQUYVAgLIAQAoABgAGwGIB3VzZV9vaWwBMRUAACau4ZTCoseFQBUCKAJDMywXQGRyHKwIMScYEmRhc2hfYmFzZWxpbmVfMV92MREAdewHAA%3D%3D&oe=5FD1C8B5&oh=4c2fd2184531a08f51235ccafe380651
